title,author,rating,subcribers
(ISC)² Systems Security Certified Practitioner (SSCP),(ISC)²,4.7,53000
A Crash Course in Causality:  Inferring Causal Effects from Observational Data,University of Pennsylvania,4.7,17000
A Crash Course in Data Science,Johns Hopkins University,4.5,130000
A Law Student's Toolkit,Yale University,4.7,91000
A Life of Happiness and Fulfillment,Indian School of Business,4.8,320000
ADHD: Everyday Strategies for Elementary Students,University at Buffalo,4.7,39000
AI For Everyone,deeplearning.ai,4.8,350000
AI For Medical Treatment,deeplearning.ai,4.8,24000
AI Foundations for Everyone,IBM,4.7,61000
AI for Medical Diagnosis,deeplearning.ai,4.7,12000
AI for Medical Prognosis,deeplearning.ai,4.6,4000
AI for Medicine,deeplearning.ai,4.7,13000
AWS Fundamentals,Amazon Web Services,4.6,130000
AWS Fundamentals: Addressing Security Risk,Amazon Web Services,4.3,11000
AWS Fundamentals: Building Serverless Applications,Amazon Web Services,4.7,27000
AWS Fundamentals: Going Cloud-Native,Amazon Web Services,4.7,110000
AWS Fundamentals: Migrating to the Cloud,Amazon Web Services,4.5,13000
Aboriginal Worldviews and Education,University of Toronto,4.7,66000
Academic English: Writing,"University of California, Irvine",4.7,540000
Accelerated Computer Science Fundamentals,University of Illinois at Urbana-Champaign,4.7,22000
Access Controls,(ISC)²,4.6,29000
Accounting Analytics,University of Pennsylvania,4.5,80000
Accounting for Decision Making,University of Michigan,4.8,99000
Achieving Personal and Professional Success,University of Pennsylvania,4.7,110000
Actualización en el manejo del paciente con diabetes mellitus tipo 2,Universidad Nacional Autónoma de México,4.8,23000
Addiction Treatment: Clinical Skills for Healthcare Providers,Yale University,4.8,92000
Advanced Business Analytics,University of Colorado Boulder,4.5,78000
Advanced Data Science with IBM,IBM,4.4,320000
Advanced Machine Learning,National Research University Higher School of Economics,4.5,190000
Advanced Machine Learning with TensorFlow on Google Cloud Platform,Google Cloud,4.5,35000
"Advanced Valuation and Strategy - M&A, Private Equity, and Venture Capital",Erasmus University Rotterdam,4.7,29000
Advertising and Society,Duke University,4.8,14000
Age of Cathedrals,Yale University,4.7,21000
Agile Development,University of Virginia,4.7,94000
Agile Meets Design Thinking,University of Virginia,4.7,69000
Agile with Atlassian Jira,Atlassian,4.7,40000
Agile и Scrum в работе над проектами и продуктами,ScrumTrek,4.9,12000
Algorithmic Toolbox,University of California San Diego,4.7,220000
Algorithms,Stanford University,4.8,150000
Algorithms for Battery Management Systems,University of Colorado System,4.8,14000
American Contract Law I,Yale University,4.9,18000
An Introduction to American Law,University of Pennsylvania,4.8,23000
An Introduction to Consumer Neuroscience & Neuromarketing,Copenhagen Business School,4.7,69000
An Introduction to Programming the Internet of Things (IOT),"University of California, Irvine",4.6,270000
Analysing: Numeric and digital literacies,Macquarie University,4.6,79000
Anatomy,University of Michigan,4.8,30000
"Anatomy of the Chest, Abdomen, and Pelvis",Yale University,4.8,36000
Anatomy: Musculoskeletal and Integumentary Systems,University of Michigan,4.8,20000
Ancient Philosophy: Aristotle and His Successors,University of Pennsylvania,4.8,81000
Android App Development,Vanderbilt University,4.5,120000
Animal Behaviour and Welfare,The University of Edinburgh,4.8,71000
Antibiotic Stewardship,Stanford University,4.5,11000
Anticorrupción: Introducción a conceptos y perspectiva práctica,Universidad Nacional Autónoma de México,4.8,11000
Antimicrobial resistance - theory and methods,Technical University of Denmark (DTU),4.6,63000
Applied Data Science,IBM,4.6,220000
Applied Data Science Capstone,IBM,4.7,42000
Applied Data Science with Python,University of Michigan,4.5,480000
Applied Machine Learning in Python,University of Michigan,4.6,150000
"Applied Plotting, Charting & Data Representation in Python",University of Michigan,4.6,97000
Aprende a programar con Python,Universidad Austral,4.2,66000
Aprender,Universidad Nacional Autónoma de México,4.8,200000
Aprendiendo a aprender: Poderosas herramientas mentales con las que podrás dominar temas difíciles (Learning How to Learn),University of California San Diego,4.9,180000
Architecting with Google Cloud Platform 日本語版,Google Cloud,4.5,42000
Architecting with Google Compute Engine,Google Cloud,4.7,310000
Architecting with Google Kubernetes Engine 日本語版,Google Cloud,4.5,39000
Arizona State University TESOL,Arizona State University,4.9,150000
Art & Activity: Interactive Strategies for Engaging with Art,The Museum of Modern Art,4.8,79000
Art & Ideas: Teaching with Themes,The Museum of Modern Art,4.8,31000
Arts and Culture Strategy,National Arts Strategies,4.6,15000
Arts and Heritage Management,Università Bocconi,4.8,15000
Aspectos básicos de la planificación y la gestión de proyectos,University of Virginia,4.9,10000
Astrobiology and the Search for Extraterrestrial Life,The University of Edinburgh,4.7,66000
Atención Primaria en Salud: El desafío de las Enfermedades no Transmisibles,Pontificia Universidad Católica de Chile,4.8,33000
Autism Spectrum Disorder,"University of California, Davis",4.6,56000
Autodesk CAD/CAM for Manufacturing,Autodesk,4.8,73000
Autodesk CAD/CAM/CAE for Mechanical Engineering,Autodesk,4.8,92000
Autodesk Certified Professional: AutoCAD for Design and Drafting Exam Prep,Autodesk,4.7,22000
Autodesk Certified Professional: Revit for Architectural Design Exam Prep,Autodesk,4.7,97000
BIM Fundamentals for Engineers,National Taiwan University,4.6,13000
Basic Statistics,University of Amsterdam,4.6,180000
Bayesian Statistics: From Concept to Data Analysis,"University of California, Santa Cruz",4.8,91000
Bayesian Statistics: Techniques and Models,"University of California, Santa Cruz",4.8,29000
Become a CBRS Certified Professional Installer by Google,Google - Spectrum Sharing,4.9,210000
Become a Journalist: Report the News!,Michigan State University,4.7,28000
Become a Sustainable Business Change Agent,University of Colorado System,4.7,42000
Becoming a Sports Agent,Case Western Reserve University,4.7,65000
Becoming a changemaker: Introduction to Social Innovation,University of Cape Town,4.8,61000
Behavioral Finance,Duke University,4.4,55000
Beyond the Sustainable Development Goals (SDGs): Addressing Sustainability and Development,University of Michigan,4.6,23000
Big Data – Introducción al uso práctico de datos masivos,Universitat Autònoma de Barcelona,4.5,88000
Biohacking Your Brain's Health,Emory University,4.6,35000
Biology Meets Programming: Bioinformatics for Beginners,University of California San Diego,4.4,88000
Biostatistics in Public Health,Johns Hopkins University,4.8,14000
Blended Language Learning: Design and Practice for Teachers,University of Colorado Boulder,4.8,19000
Blockchain,University at Buffalo,4.6,68000
Blockchain Revolution,INSEAD,4.7,21000
Blockchain Revolution in Financial Services,INSEAD,4.6,16000
Blockchain: Foundations and Use Cases,ConsenSys Academy,4.7,31000
Boosting Creativity for Innovation,HEC Paris,4.9,95000
"Brand Management: Aligning Business, Brand and Behaviour",London Business School,4.9,57000
Branding: The Creative Journey,IE Business School,4.6,26000
Budgeting and Scheduling Projects,"University of California, Irvine",4.7,84000
Bugs 101: Insect-Human Interactions,University of Alberta,4.9,15000
Build a Modern Computer from First Principles: From Nand to Tetris (Project-Centered Course),Hebrew University of Jerusalem,4.9,95000
Building Batch Data Pipelines on GCP,Google Cloud,4.5,73000
Building Conversational Experiences with Dialogflow,Google Cloud,4.5,22000
Building Resilient Streaming Analytics Systems on GCP,Google Cloud,4.6,58000
Building Scalable Java Microservices with Spring Boot and Spring Cloud,Google Cloud,4.3,24000
Building Your Leadership Skills,HEC Paris,4.5,67000
Business Analytics,University of Pennsylvania,4.6,280000
Business English,Arizona State University,4.7,38000
Business English Communication Skills,University of Washington,4.7,120000
Business English: Networking,University of Washington,4.7,77000
Business Foundations,University of Pennsylvania,4.7,510000
Business Model Innovation,HEC Paris,4.7,13000
Business Statistics and Analysis,Rice University,4.7,110000
Business Strategies for A Better World,University of Pennsylvania,4.7,24000
Business Strategy,University of Virginia,4.7,89000
Business Technology Management,Indian School of Business,4.5,67000
Business Transformation with Google Cloud,Google Cloud,4.7,10000
Business Writing,University of Colorado Boulder,4.8,48000
Business and Financial Modeling,University of Pennsylvania,4.5,160000
C for Everyone: Programming Fundamentals,"University of California, Santa Cruz",4.5,31000
C# Programming for Unity Game Development,University of Colorado System,4.7,36000
COVID-19 Contact Tracing,Johns Hopkins University,4.9,220000
COVID-19: What You Need to Know (CME Eligible),Osmosis,4.8,32000
"Cameras, Exposure, and Photography",Michigan State University,4.7,130000
Camino a la Excelencia en Gestión de Proyectos,Pontificia Universidad Católica de Chile,4.7,340000
"Capstone: Retrieving, Processing, and Visualizing Data with Python",University of Michigan,4.6,82000
Career Success,"University of California, Irvine",4.4,790000
Challenging Forensic Science: How Science Should Speak to Court,University of Lausanne,4.8,31000
Chemicals and Health,Johns Hopkins University,4.7,23000
Chicken Behaviour and Welfare,The University of Edinburgh,4.7,19000
Child Nutrition and Cooking,Stanford University,4.7,30000
Chinese for HSK 1,Peking University,4.8,22000
Cisco Networking Basics,Cisco,4.7,57000
Classical Sociological Theory,University of Amsterdam,4.8,51000
Claves de la Dirección de Empresas,IESE Business School,4.8,51000
Climate Change and Health: From Science to Action,Yale University,4.6,48000
Clinical Terminology for International and U.S. Students,University of Pittsburgh,4.8,32000
Cloud Computing,University of Illinois at Urbana-Champaign,4.4,110000
Cloud Computing Basics (Cloud 101),LearnQuest,4.5,37000
Cloud Engineering with Google Cloud,Google Cloud,4.7,310000
Coaching Skills for Managers,"University of California, Davis",4.7,37000
Code Yourself! An Introduction to Programming,The University of Edinburgh,4.7,120000
Communication Skills for Engineers,Rice University,4.7,15000
Communication Strategies for a Virtual Age,University of Toronto,4.8,43000
Compassionate Leadership Through Service Learning with Jane Goodall and Roots & Shoots,University of Colorado Boulder,4.9,64000
"Competencias digitales. Herramientas de ofimática (Microsoft Word, Excel, Power Point)",Universitat Autònoma de Barcelona,4.7,43000
Competitive Strategy and Organization Design,Ludwig-Maximilians-Universität München (LMU),4.7,350000
Computational Social Science,"University of California, Davis",4.6,58000
Computational Thinking for Problem Solving,University of Pennsylvania,4.8,33000
Computer Security and Systems Management,University of Colorado System,4.6,27000
Conflict Management,"University of California, Irvine",4.3,66000
Construction Cost Estimating and Cost Control,Columbia University,4.7,19000
Construction Management,Columbia University,4.7,61000
Construction Project Management,Columbia University,4.8,43000
Construction Scheduling,Columbia University,4.8,15000
Contabilidad para no contadores,Universidad Nacional Autónoma de México,4.7,220000
Content Strategy for Professionals,Northwestern University,4.5,27000
Continuous Delivery & DevOps,University of Virginia,4.6,26000
Control of Mobile Robots,Georgia Institute of Technology,4.8,49000
Convolutional Neural Networks,deeplearning.ai,4.9,240000
Convolutional Neural Networks in TensorFlow,deeplearning.ai,4.7,46000
Corporate & Commercial Law I: Contracts & Employment Law,University of Illinois at Urbana-Champaign,4.8,10000
Corporate Finance Essentials,IESE Business School,4.8,56000
Corporate Strategy,UCL School of Management,4.8,78000
Corporate Sustainability. Understanding and Seizing the Strategic Opportunity,Università Bocconi,4.6,10000
"Corrección, estilo y  variaciones de la lengua española",Universitat Autònoma de Barcelona,4.6,75000
Cost and Economics in Pricing Strategy,University of Virginia,4.8,15000
Costos para los Negocios,Universidad de Chile,4.8,43000
Crash Course on Python,Google,4.8,81000
Creative Problem Solving,University of Minnesota,4.3,140000
Creative Writing,Wesleyan University,4.6,140000
Creative Writing: The Craft of Plot,Wesleyan University,4.7,120000
"Creatividad, diseño e innovación: Técnicas y herramientas",Arizona State University,4.7,150000
Cuidado de heridas en el ámbito hospitalario,Universidad Nacional Autónoma de México,4.8,26000
Cuidados y procedimientos generales en la atención del recién nacido,Universidad de Chile,4.8,22000
Culture-Driven Team Building,University of Pennsylvania,4.6,17000
Curanderismo: Traditional Healing Using Plants,University of New Mexico,4.6,55000
Customer Segmentation and Prospecting,Northwestern University,4.7,18000
Cybersecurity,"University of Maryland, College Park",4.5,99000
Cybersecurity and Its Ten Domains,University System of Georgia,4.2,140000
Cybersecurity for Business,University of Colorado System,4.6,23000
Cómo hablar bien en público,Universitat Autònoma de Barcelona,4.8,55000
Dairy Production and Management,The Pennsylvania State University,4.8,23000
Data Analysis and Interpretation,Wesleyan University,4.4,100000
Data Analysis and Presentation Skills: the PwC Approach,PwC,4.6,220000
Data Analysis with Python,IBM,4.7,110000
Data Analytics for Lean Six Sigma,University of Amsterdam,4.8,24000
Data Collection and Processing with Python,University of Michigan,4.7,19000
Data Engineering on Google Cloud Platform 日本語版,Google Cloud,4.4,3000
Data Engineering with Google Cloud,Google Cloud,4.6,120000
"Data Engineering, Big Data, and Machine Learning on GCP",Google Cloud,4.6,120000
Data Management for Clinical Research,Vanderbilt University,4.7,42000
Data Mining,University of Illinois at Urbana-Champaign,4.4,140000
Data Science,Johns Hopkins University,4.5,830000
Data Science Math Skills,Duke University,4.5,140000
Data Science Methodology,IBM,4.6,89000
Data Science: Foundations using R,Johns Hopkins University,4.6,740000
Data Science: Statistics and Machine Learning,Johns Hopkins University,4.4,210000
Data Visualization and Communication with Tableau,Duke University,4.7,130000
Data Visualization with Advanced Excel,PwC,4.8,60000
Data Visualization with Python,IBM,4.6,66000
Data Visualization with Tableau,"University of California, Davis",4.5,96000
Data Warehousing for Business Intelligence,University of Colorado System,4.5,140000
Data and Health Indicators in Public Health Practice,Johns Hopkins University,4.7,18000
Data-driven Decision Making,PwC,4.6,120000
Databases and SQL for Data Science,IBM,4.7,110000
De-Mystifying Mindfulness,Universiteit Leiden,4.8,150000
Decision-Making and Scenarios,University of Pennsylvania,4.6,31000
Deep Learning,deeplearning.ai,4.8,690000
Democracia y decisiones públicas. Introducción al análisis de políticas públicas,Universitat Autònoma de Barcelona,4.8,44000
Dentistry 101,University of Michigan,4.7,45000
Dermatology: Trip to skin,Novosibirsk State University ,4.4,82000
Design Thinking for Innovation,University of Virginia,4.6,240000
Design Thinking for the Greater Good: Innovation in the Social Sector,University of Virginia,4.6,17000
Design and Interpretation of Clinical Trials,Johns Hopkins University,4.7,67000
Design and Make Infographics (Project-Centered Course),Michigan State University,4.7,97000
Design-Led Strategy: Design thinking for business strategy and entrepreneurship,The University of Sydney,4.6,19000
Developing APIs with Google Cloud's Apigee API Platform,Google Cloud,4.6,16000
Developing Applications with Google Cloud Platform,Google Cloud,4.7,300000
Developing Applications with Google Cloud Platform 日本語版,Google Cloud,4.8,4000
Developing Industrial Internet of Things,University of Colorado Boulder,4.6,8000
Developing Your Musicianship,Berklee College of Music,4.8,41000
Developing Your Musicianship,Berklee College of Music,4.8,54000
Devenir entrepreneur du changement,Ticket for Change,4.7,54000
Digital Advertising Strategy,University of Colorado Boulder,4.4,9000
Digital Business Models,Lund University,4.5,21000
Digital Manufacturing & Design Technology,University at Buffalo,4.6,37000
Digital Marketing,University of Illinois at Urbana-Champaign,4.6,380000
Digital Media and Marketing Strategies,University of Illinois at Urbana-Champaign,4.4,57000
Digital Product Management,University of Virginia,4.7,140000
Digital Product Management: Modern Fundamentals,University of Virginia,4.7,58000
Dino 101: Dinosaur Paleobiology,University of Alberta,4.5,35000
Discrete Optimization,The University of Melbourne,4.9,40000
Diseño Instruccional: Aprendizaje activo y Pedagogía digital,Tecnológico de Monterrey,4.6,4000
Diseño y Creación de un Emprendimiento Social,Pontificia Universidad Católica de Chile,4.9,21000
"Divide and Conquer, Sorting and Searching, and Randomized Algorithms",Stanford University,4.8,130000
Dog Emotion and Cognition,Duke University,4.6,150000
Driving business towards the Sustainable Development Goals,Erasmus University Rotterdam,4.8,56000
Drug Commercialization,University of California San Diego,4.7,17000
Drug Discovery,University of California San Diego,4.6,39000
Dynamic Public Speaking,University of Washington,4.7,110000
EMT Foundations,University of Colorado System,4.8,71000
Ecology: Ecosystem Dynamics and Conservation,American Museum of Natural History,4.8,18000
Econometrics: Methods and Applications,Erasmus University Rotterdam,4.7,110000
Economics of Money and Banking,Columbia University,4.9,83000
Ecosystem Services: a Method for Sustainable Development,University of Geneva,4.7,16000
Effective Compliance Programs,University of Pennsylvania,4.9,34000
Egiptología (Egyptology),Universitat Autònoma de Barcelona,4.9,46000
El Abogado del Futuro: Legaltech y la Transformación Digital del Derecho,Universidad Austral,5,15000
Elastic Google Cloud Infrastructure: Scaling and Automation,Google Cloud,4.7,57000
Electric Industry Operations and Markets,Duke University,4.8,12000
Electronic Music Production,Berklee College of Music,4.8,110000
Emerging Technologies: From Smartphones to IoT to Big Data,Yonsei University,4.6,17000
"Energy Production, Distribution & Safety",University at Buffalo,4.7,37000
Engineering Health: Introduction to Yoga and Physiology,New York University,4.8,14000
Engineering Project Management: Initiating and Planning,Rice University,4.7,23000
English Composition I,Duke University,4.6,200000
English for Business and Entrepreneurship,University of Pennsylvania,4.8,230000
English for Career Development,University of Pennsylvania,4.8,760000
English for Journalism,University of Pennsylvania,4.8,130000
English for Research Publication Purposes,Moscow Institute of Physics and Technology,4.6,42000
"English for Science, Technology, Engineering, and Mathematics",University of Pennsylvania,4.8,110000
Enterprise Architecture,Peter the Great St. Petersburg Polytechnic University,4.4,24000
Entrepreneurial Finance: Strategy and Innovation,Duke University,4.5,79000
Entrepreneurship,University of Pennsylvania,4.8,110000
Entrepreneurship 1: Developing the Opportunity,University of Pennsylvania,4.8,86000
Entrepreneurship 2: Launching your Start-Up,University of Pennsylvania,4.8,38000
Entrepreneurship 3: Growth Strategies,University of Pennsylvania,4.7,31000
Entrepreneurship Strategy: From Ideation to Exit,HEC Paris,4.8,20000
Entrepreneurship: Launching an Innovative Business,"University of Maryland, College Park",4.6,69000
Epidemics - the Dynamics of Infectious Diseases,The Pennsylvania State University,4.8,45000
"Epidemics, Pandemics and Outbreaks",University of Pittsburgh,4.7,23000
Epidemiology for Public Health,Imperial College London,4.7,64000
Epidemiology in Public Health Practice,Johns Hopkins University,4.7,31000
Epidemiology: The Basic Science of Public Health,The University of North Carolina at Chapel Hill,4.6,130000
Epigenetic Control of Gene Expression,The University of Melbourne,4.8,35000
Equine Welfare and Management,"University of California, Davis",4.8,72000
Esports,"University of California, Irvine",4.5,18000
Essential Epidemiologic Tools for Public Health Practice,Johns Hopkins University,4.7,14000
Essential Google Cloud Infrastructure: Core Services,Google Cloud,4.7,68000
Essential Google Cloud Infrastructure: Foundation,Google Cloud,4.7,83000
Essentials in Clinical Simulations Across the Health Professions,The George Washington University,4.8,41000
Essentials of Corporate Finance,The University of Melbourne,4.6,54000
Essentials of Global Health,Yale University,4.8,31000
Estadística y probabilidad,Universidad Nacional Autónoma de México,4.7,27000
Evaluación educativa,Universidad Nacional Autónoma de México,4.8,13000
"Everyday Excel, Part 1",University of Colorado Boulder,4.8,11000
Everyday Parenting: The ABCs of Child Rearing,Yale University,4.9,86000
Excel Skills for Business,Macquarie University,4.9,240000
Excel Skills for Business: Advanced,Macquarie University,4.7,39000
Excel Skills for Business: Essentials,Macquarie University,4.9,200000
Excel Skills for Business: Intermediate I,Macquarie University,4.9,76000
Excel Skills for Business: Intermediate II,Macquarie University,4.8,39000
Excel to MySQL: Analytic Techniques for Business,Duke University,4.6,490000
Excel/VBA for Creative Problem Solving,University of Colorado Boulder,4.8,56000
"Excel/VBA for Creative Problem Solving, Part 1",University of Colorado Boulder,4.8,54000
Executive Data Science,Johns Hopkins University,4.5,170000
Explorando la Energía Sustentable,Pontificia Universidad Católica de Chile,4.8,28000
Fashion as Design,The Museum of Modern Art,4.8,180000
Feminism and Social Justice,"University of California, Santa Cruz",4.8,18000
FinTech Law and Policy,Duke University,4.8,97000
FinTech: Finance Industry Transformation and Regulation,The Hong Kong University of Science and Technology,4.6,13000
"FinTech: Foundations, Payments, and Regulations",University of Pennsylvania,4.7,12000
Finance & Quantitative Modeling for Analysts,University of Pennsylvania,4.5,260000
Finance for Non-Finance Professionals,Rice University,4.8,69000
Finance for Non-Financial Managers,Emory University,4.4,12000
Financial Accounting Fundamentals,University of Virginia,4.8,65000
Financial Acumen for Non-Financial Managers,University of Pennsylvania,4.5,10000
Financial Engineering and Risk Management Part I,Columbia University,4.6,100000
Financial Management,University of Illinois at Urbana-Champaign,4.7,76000
Financial Markets,Yale University,4.8,470000
Financial Markets and Investment Strategy,Indian School of Business,4.5,60000
Financial Reporting,University of Illinois at Urbana-Champaign,4.8,12000
Financial Technology (Fintech) Innovations,University of Michigan,4.7,65000
Financing and Investing in Infrastructure,Università Bocconi,4.8,24000
Finanzas corporativas,Universidad Nacional Autónoma de México,4.6,30000
Finanzas personales,Universidad Nacional Autónoma de México,4.8,310000
Finding Purpose and Meaning In Life: Living for What Matters Most,University of Michigan,4.7,36000
Fintech: Foundations & Applications of Financial Technology,University of Pennsylvania,4.6,20000
First Step Korean,Yonsei University,4.9,400000
Food & Beverage Management,Università Bocconi,4.8,57000
Forensic Accounting and Fraud Examination,West Virginia University,4.7,42000
Formulación y evaluación de proyectos complejos,Universidad de los Andes,4.9,44000
Foundational Finance for Strategic Decision Making,University of Michigan,4.8,14000
Foundations of Business Strategy,University of Virginia,4.8,63000
Foundations of Everyday Leadership,University of Illinois at Urbana-Champaign,4.8,62000
Foundations of Global Health,Johns Hopkins University,4.7,31000
Foundations of Management,IESE Business School,4.8,64000
Foundations of Marketing Analytics,Emory University,4.2,27000
Foundations of Positive Psychology,University of Pennsylvania,4.8,89000
Foundations of Public Health Practice,Imperial College London,4.8,32000
From Data to Insights with Google Cloud Platform,Google Cloud,4.6,26000
From the Big Bang to Dark Energy,The University of Tokyo,4.8,52000
Front-End Web Development with React,The Hong Kong University of Science and Technology,4.7,45000
Front-End Web UI Frameworks and Tools: Bootstrap 4,The Hong Kong University of Science and Technology,4.8,89000
Full Stack Web and Multiplatform Mobile App Development,The Hong Kong University of Science and Technology,4.7,150000
Full-Stack Web Development with React,The Hong Kong University of Science and Technology,4.7,140000
Fundamental Neuroscience for Neuroimaging,Johns Hopkins University,4.6,30000
Fundamentals of Accounting,University of Illinois at Urbana-Champaign,4.6,39000
Fundamentals of Computing,Rice University,4.8,200000
Fundamentals of Engineering Exam Review,Georgia Institute of Technology,4.7,49000
Fundamentals of GIS,"University of California, Davis",4.8,86000
Fundamentals of Graphic Design,California Institute of the Arts,4.8,290000
Fundamentals of Immunology,Rice University,4.7,20000
Fundamentals of Immunology: Innate Immunity and B-Cell Function,Rice University,4.7,18000
Fundamentals of Music Theory,The University of Edinburgh,4.6,180000
Fundamentals of Project Planning and Management,University of Virginia,4.7,120000
Fundamentals of Quantitative Modeling,University of Pennsylvania,4.6,110000
Fundamentals of Reinforcement Learning,University of Alberta,4.8,22000
Fundamentals of Visualization with Tableau,"University of California, Davis",4.5,81000
Fundamentos Empresariales,University of Pennsylvania,4.6,25000
Fundamentos de Excel para Negocios,Universidad Austral,4.7,150000
Fundamentos de Finanzas Empresariales,Universidad de los Andes,4.8,110000
Fundraising and Development,"University of California, Davis",4.6,49000
Futures Thinking,Institute for the Future,4.8,94000
G Suite Administration,Google Cloud,4.7,10000
"GIS, Mapping, and Spatial Analysis",University of Toronto,4.8,140000
Game Design and Development,Michigan State University,4.7,100000
Game Theory,Stanford University,4.6,260000
Gamification,University of Pennsylvania,4.8,110000
Gender and Sexuality: Diversity and Inclusion in the Workplace,University of Pittsburgh,4.7,14000
Genomic Data Science,Johns Hopkins University,4.4,80000
Geographic Information Systems  (GIS),"University of California, Davis",4.8,97000
Geopolitics of Europe,Sciences Po,4.3,19000
Get Interactive: Practical Teaching with Technology,Bloomsbury Learning Exchange,4.7,14000
Getting Started With Music Theory,Michigan State University,4.5,59000
Getting Started with AWS Machine Learning,Amazon Web Services,4.5,73000
Getting Started with Go,"University of California, Irvine",4.6,59000
Getting Started with Google Kubernetes Engine,Google Cloud,4.5,75000
Getting Started with Google Sheets,Google Cloud,4.6,18000
Getting Started with SAS Programming,SAS,4.9,22000
Global Diplomacy – Diplomacy in the Modern World,SOAS University of London,4.6,79000
Global Diplomacy: the United Nations in the World,SOAS University of London,4.7,29000
Global Energy and Climate Policy,SOAS University of London,4.5,10000
Global Environmental Management,Technical University of Denmark (DTU),4.6,22000
Global Financial Markets and Instruments,Rice University,4.6,37000
Global Trends for Business and Society,University of Pennsylvania,4.8,76000
"Globalization, Economic Growth and Stability",IE Business School,4.8,44000
Good with Words: Writing and Editing,University of Michigan,4.6,38000
Google Cloud Platform Big Data and Machine Learning Fundamentals,Google Cloud,4.6,120000
Google Cloud Platform Fundamentals for AWS Professionals,Google Cloud,4.7,36000
Google IT Automation with Python,Google,4.7,93000
Google IT Support,Google,4.8,350000
Grammar and Punctuation,"University of California, Irvine",4.7,430000
Graphic Design Elements for Non-Designers,University of Colorado Boulder,4.7,10000
Greek and Roman Mythology,University of Pennsylvania,4.8,260000
Greening the Economy: Sustainable Cities,Lund University,4.6,56000
Guitar for Beginners,Berklee College of Music,4.8,210000
Gut Check: Exploring Your Microbiome,University of California San Diego,4.7,62000
"HTML, CSS, and Javascript for Web Developers",Johns Hopkins University,4.8,240000
Hardware Description Languages for FPGA Design,University of Colorado Boulder,4.2,74000
Healing with the Arts,University of Florida,4.6,39000
Health Informatics,Johns Hopkins University,4.5,81000
Health Information Literacy for Data Analytics,"University of California, Davis",4.5,54000
Healthcare Law,University of Pennsylvania,4.7,17000
Healthcare Marketplace,University of Minnesota,4.4,36000
Healthcare Organization Operations,Rutgers the State University of New Jersey,4.6,55000
"High Performance Collaboration: Leadership, Teamwork, and Negotiation",Northwestern University,4.8,46000
Homeland Security and Cybersecurity,University of Colorado System,4.7,55000
"Hotel Management: Distribution, Revenue and Demand Management",ESSEC Business School,4.6,28000
How Things Work: An Introduction to Physics,University of Virginia,4.8,170000
How To Create a Website in a Weekend! (Project-Centered Course),The State University of New York,3.3,140000
How to Start Your Own Business,Michigan State University,4.1,34000
Human Resource Management: HR for People Managers,University of Minnesota,4.7,98000
IBM AI Engineering,IBM,4.6,140000
IBM AI Enterprise Workflow,IBM,4.4,35000
IBM Applied AI,IBM,4.6,220000
IBM Customer Engagement Specialist Professional Certificate,IBM,4.8,33000
IBM Data Science,IBM,4.6,480000
IT Fundamentals for Cybersecurity,IBM,4.5,35000
IT Security: Defense against the digital dark arts,Google,4.8,62000
"Identifying, Monitoring, and Analyzing Risk and Incident Response and Recovery",(ISC)²,4.9,17000
Implementing RPA with Cognitive Automation and Analytics,Automation Anywhere,4.6,22000
Improve Your English Communication Skills,Georgia Institute of Technology,4.7,610000
"Improving Deep Neural Networks: Hyperparameter tuning, Regularization and Optimization",deeplearning.ai,4.9,270000
Improving Leadership & Governance in Nonprofit Organizations,Luther College at the University of Regina,4.4,18000
In the Studio: Postwar Abstract Painting,The Museum of Modern Art,4.9,79000
Indigenous Canada,University of Alberta,4.8,51000
Industrial IoT on Google Cloud Platform,Google Cloud,4.5,34000
Infectious Disease Modelling,Imperial College London,5,16000
Influencer Marketing Strategy,Rutgers the State University of New Jersey,4.4,12000
"Influencing: Storytelling, Change Management and Governance",Macquarie University,4.8,22000
Information Security: Context and Introduction,"Royal Holloway, University of London",4.6,32000
Information Visualization,New York University,4.6,10000
Information​ ​Systems,University of Minnesota,4.7,16000
Initiating and Planning Projects,"University of California, Irvine",4.7,180000
Innovation Management,Erasmus University Rotterdam,4.6,40000
"Innovation Through Design: Think, Make, Break, Repeat",The University of Sydney,4.8,10000
Innovation: From Creativity to Entrepreneurship,University of Illinois at Urbana-Champaign,4.8,25000
Inspirational Leadership: Leading with Sense,HEC Paris,4.5,72000
Inspired Leadership,Case Western Reserve University,4.7,97000
Inspiring and Motivating Individuals,University of Michigan,4.8,85000
Instructional Design Foundations and Applications,University of Illinois at Urbana-Champaign,4.2,12000
Instructional Methods in Health Professions Education,University of Michigan,4.6,97000
Integrative Health and Medicine,University of Minnesota,4.8,14000
Intellectual Property Law,University of Pennsylvania,4.8,87000
Interaction Design,University of California San Diego,4.5,150000
Intercultural Management,ESCP Business School,4.6,65000
International Business Essentials,University of London,4.5,22000
International Cyber Conflicts,The State University of New York,4.4,25000
International Humanitarian Law in Theory and Practice,Kalshoven-Gieskes Forum,4.8,22000
International Law in Action: A Guide to the International Courts and Tribunals in The Hague,Universiteit Leiden,4.8,36000
International Law in Action: the Arbitration of International Disputes,Universiteit Leiden,4.8,19000
International Marketing & Cross Industry Growth,Yonsei University,4.6,26000
International Organizations Management,University of Geneva,4.8,20000
International Security Management,Erasmus University Rotterdam,4.5,22000
International Women's Health and Human Rights,Stanford University,4.9,35000
International migrations: a global issue,Sciences Po,4.6,11000
Internet Connection: How to Get Online?,Cisco,4.7,36000
Internet Giants: The Law and Economics of Media Platforms,The University of Chicago,4.8,38000
Interviewing and Resume Writing in English,"University of Maryland, College Park",4.6,66000
Introduction aux Droits de l’Homme,University of Geneva,4.8,46000
Introduction to Ableton Live,Berklee College of Music,4.8,60000
Introduction to Artificial Intelligence (AI),IBM,4.7,44000
Introduction to Big Data,University of California San Diego,4.6,160000
Introduction to Blockchain Technologies,INSEAD,4.7,16000
Introduction to Breast Cancer,Yale University,4.9,27000
Introduction to Business Analytics: Communicating with Data,University of Illinois at Urbana-Champaign,4.7,14000
Introduction to CSS3,University of Michigan,4.8,84000
Introduction to Calculus,The University of Sydney,4.8,53000
Introduction to Chemistry:  Reactions and Ratios,Duke University,4.8,46000
Introduction to Classical Music,Yale University,4.9,150000
Introduction to Cloud Computing,IBM,4.6,26000
Introduction to Computer Programming,"Goldsmiths, University of London",4.3,20000
Introduction to Computer Science and Programming,"Goldsmiths, University of London",4.3,32000
Introduction to Corporate Finance,University of Pennsylvania,4.6,130000
Introduction to Cyber Attacks,New York University,4.7,27000
Introduction to Cyber Security,New York University,4.7,32000
Introduction to Cybersecurity Tools & Cyber Attacks,IBM,4.5,30000
Introduction to Data Analysis Using Excel,Rice University,4.7,99000
Introduction to Data Science,IBM,4.6,310000
Introduction to Data Science in Python,University of Michigan,4.5,390000
Introduction to Dental Medicine,University of Pennsylvania,4.8,25000
Introduction to Discrete Mathematics for Computer Science,National Research University Higher School of Economics,4.4,75000
Introduction to Electronics,Georgia Institute of Technology,4.7,110000
Introduction to Embedded Systems Software and Development Environments,University of Colorado Boulder,4.5,41000
Introduction to Engineering Mechanics,Georgia Institute of Technology,4.7,150000
Introduction to Environmental Law and Policy,The University of North Carolina at Chapel Hill,4.8,34000
Introduction to Financial Accounting,University of Pennsylvania,4.7,200000
Introduction to Forensic Science,"Nanyang Technological University, Singapore",4.9,47000
Introduction to Game Development,Michigan State University,4.8,79000
Introduction to Genetics and Evolution,Duke University,4.8,74000
Introduction to Genomic Technologies,Johns Hopkins University,4.6,42000
Introduction to HTML5,University of Michigan,4.7,220000
Introduction to Imagemaking,California Institute of the Arts,4.5,54000
Introduction to Intellectual Property,University of Pennsylvania,4.8,6000
Introduction to International Criminal Law,Case Western Reserve University,4.8,82000
Introduction to Marketing,University of Pennsylvania,4.8,220000
Introduction to Mathematical Thinking,Stanford University,4.8,270000
Introduction to Operations Management,University of Pennsylvania,4.5,87000
Introduction to Personal Branding,University of Virginia,4.4,140000
Introduction to Philosophy,The University of Edinburgh,4.6,370000
Introduction to Portfolio Construction and Analysis with Python,EDHEC Business School,4.8,11000
Introduction to Probability and Data,Duke University,4.7,160000
Introduction to Programming in C,Duke University,4.7,82000
Introduction to Programming with MATLAB,Vanderbilt University,4.8,270000
Introduction to Psychology,Yale University,4.9,270000
Introduction to Scripting in Python,Rice University,4.7,49000
Introduction to Self-Driving Cars,University of Toronto,4.8,39000
Introduction to Spreadsheets and Models,University of Pennsylvania,4.2,76000
Introduction to Statistics & Data Analysis in Public Health,Imperial College London,4.7,12000
Introduction to Sustainability,University of Illinois at Urbana-Champaign,4.8,69000
Introduction to Systematic Review and Meta-Analysis,Johns Hopkins University,4.8,67000
Introduction to Systems Engineering,UNSW Sydney (The University of New South Wales),4.7,33000
"Introduction to TensorFlow for Artificial Intelligence, Machine Learning, and Deep Learning",deeplearning.ai,4.7,150000
Introduction to Thermodynamics: Transferring Energy from Here to There,University of Michigan,4.8,41000
"Introduction to Trading, Machine Learning & GCP",New York Institute of Finance,4,13000
Introduction to Typography,California Institute of the Arts,4.8,72000
Introduction to User Experience Design,Georgia Institute of Technology,4.5,87000
Introduction to User Experience Principles and Processes,University of Michigan,4.8,16000
Introduction to Web Development,"University of California, Davis",4.7,76000
Introduction to the Biology of Cancer,Johns Hopkins University,4.8,110000
Introductory Human Physiology,Duke University,4.7,270000
Investment Management,University of Geneva,4.7,99000
Investment Management with Python and Machine Learning,EDHEC Business School,4.6,14000
Investment and Portfolio Management,Rice University,4.5,49000
Japanese for beginners 1,Saint Petersburg State University,4.6,44000
Java Programming and Software Engineering Fundamentals,Duke University,4.6,380000
Java Programming: Solving Problems with Software,Duke University,4.6,160000
Julia Scientific Programming,University of Cape Town,4.5,22000
Kotlin for Java Developers,JetBrains,4.7,37000
"L'impact investing, la finance qui change le monde",ESSEC Business School,4.6,63000
Leadership Development for Engineers,Rice University,4.7,17000
Leadership in 21st Century Organizations,Copenhagen Business School,4.7,34000
Leading Healthcare Quality and Safety,The George Washington University,4.8,16000
Leading People and Teams,University of Michigan,4.7,220000
"Leading for Equity, Diversity and Inclusion in Higher Education",University of Michigan,4.7,59000
Leading: Human Resource Management and Leadership,Macquarie University,4.8,16000
Learn Chinese: HSK Test Preparation,Peking University,4.8,43000
Learn English,Tsinghua University,4.3,22000
Learn English: Advanced Academic Speaking and Listening,"University of California, Irvine",4.5,78000
Learn English: Advanced Grammar and Punctuation,"University of California, Irvine",4.8,52000
Learn English: Intermediate Grammar,"University of California, Irvine",4.7,120000
Learn Mandarin Chinese,Shanghai Jiao Tong University,4.8,39000
Learn SQL Basics for Data Science,"University of California, Davis",4.6,160000
Learn Spanish: Basic Spanish Vocabulary,"University of California, Davis",4.6,80000
Learn to Program: The Fundamentals,University of Toronto,4.8,180000
Learn to Speak Korean 1,Yonsei University,4.9,120000
Learning to Teach Online,UNSW Sydney (The University of New South Wales),4.7,68000
Legal Tech & Startups,IE Business School,4.5,72000
Liderazgo efectivo para el siglo XXI,Universidad de los Andes,4.8,23000
Linear Circuits 1: DC Analysis,Georgia Institute of Technology,4.6,29000
Love as a Force for Social Justice,Stanford University,4.7,14000
Machine Learning,University of Washington,4.6,290000
Machine Learning,Stanford University,4.9,32m
Machine Learning Foundations: A Case Study Approach,University of Washington,4.6,240000
Machine Learning and Reinforcement Learning in Finance,New York University,3.7,29000
Machine Learning for All,University of London,4.6,19000
Machine Learning for Business Professionals,Google Cloud,4.6,58000
Machine Learning for Trading,Google Cloud,3.9,15000
Machine Learning with Python,IBM,4.7,120000
Machine Learning with TensorFlow on Google Cloud Platform,Google Cloud,4.5,72000
Magic in the Middle Ages,Universitat de Barcelona,4.6,78000
Making Architecture,IE School of Architecture & Design,4.7,43000
Managerial Accounting Fundamentals,University of Virginia,4.9,11000
Managerial Economics and Business Analysis,University of Illinois at Urbana-Champaign,4.7,55000
Managing Innovation and Design Thinking,HEC Paris,4.7,23000
Managing Project Risks and Changes,"University of California, Irvine",4.7,71000
Managing Social and Human Capital,University of Pennsylvania,4.5,27000
Managing Your Health: The Role of Physical Therapy and Exercise,University of Toronto,4.6,47000
Market Research,"University of California, Davis",4.5,22000
Marketing Digital,Universidad Austral,4.7,39000
Marketing Gerencial,Universidad de Chile,4.7,49000
Marketing Mix Implementation,IE Business School,4.6,93000
Marketing Strategy,IE Business School,4.4,57000
Marketing Verde,Universidad de los Andes,4.8,58000
Marketing in a Digital World,University of Illinois at Urbana-Champaign,4.7,310000
Mastering Data Analysis in Excel,Duke University,4.2,280000
Mastering Final Cut Pro,LearnQuest,4.6,84000
Mastering Software Development in R,Johns Hopkins University,4.3,52000
Materials Science: 10 Things Every Engineer Should Know,"University of California, Davis",4.7,48000
Mathematics for Data Science,National Research University Higher School of Economics,4.5,12000
Mathematics for Machine Learning,Imperial College London,4.6,150000
Mathematics for Machine Learning: Linear Algebra,Imperial College London,4.7,140000
Mathematics for Machine Learning: Multivariate Calculus,Imperial College London,4.7,51000
Mathematics for Machine Learning: PCA,Imperial College London,4,33000
Medical Cannabis: The Health Effects of THC and CBD,University of Colorado Boulder,4.8,48000
Medical Neuroscience,Duke University,4.9,170000
Memoir and Personal Essay: Write About Yourself,Wesleyan University,4.3,13000
Methods and Statistics in Social Sciences,University of Amsterdam,4.6,260000
Microeconomics Principles,University of Illinois at Urbana-Champaign,4.9,73000
Microeconomics: The Power of Markets,University of Pennsylvania,4.7,34000
Mindshift: Break Through Obstacles to Learning and Discover Your Hidden Potential,McMaster University,4.8,230000
Miracles of Human Language: An Introduction to Linguistics,Universiteit Leiden,4.7,120000
Model Thinking,University of Michigan,4.8,130000
Modeling Risk and Realities,University of Pennsylvania,4.6,36000
Modern Art & Ideas,The Museum of Modern Art,4.7,310000
Modern Big Data Analysis with SQL,Cloudera,4.8,14000
"Modern Robotics:  Mechanics, Planning, and Control",Northwestern University,4.7,21000
Modernizing Data Lakes and Data Warehouses with GCP,Google Cloud,4.7,91000
Moral Foundations of Politics,Yale University,4.8,100000
More Introduction to Financial Accounting,University of Pennsylvania,4.9,40000
Mountains 101,University of Alberta,4.9,44000
Music Business,Berklee College of Music,4.8,42000
Music Business Foundations,Berklee College of Music,4.9,34000
Music Production,Berklee College of Music,4.8,70000
Nanotechnology: A Maker’s Course,Duke University,4.8,21000
Natural Language Processing in TensorFlow,deeplearning.ai,4.6,40000
"Negotiation, Mediation and Conflict Resolution",ESSEC Business School,4.7,22000
Networking and Security Architecture with VMware NSX,VMware,4.8,17000
Networking in Google Cloud,Google Cloud,4.7,290000
Neural Networks and Deep Learning,deeplearning.ai,4.9,630000
Neurolinguistics,Saint Petersburg State University,4.7,41000
New Approaches to Countering Terror: Countering Violent Extremism,"University of Maryland, College Park",4.7,12000
Newborn Baby Care,University of Colorado System,4.8,53000
Object Oriented Java Programming: Data Structures and Beyond,University of California San Diego,4.7,250000
Object Oriented Programming in Java,Duke University,4.6,330000
Object-Oriented Data Structures in C++,University of Illinois at Urbana-Champaign,4.7,21000
Object-Oriented Design,University of Alberta,4.7,33000
Oil & Gas Industry Operations and Markets,Duke University,4.8,57000
"Open Source Software Development, Linux and Git",The Linux Foundation,4.4,13000
Operating Systems and You: Becoming a Power User,Google,4.6,76000
Operations Analytics,University of Pennsylvania,4.7,80000
Optical Engineering,University of Colorado Boulder,4.2,62000
Organizational Leadership,Northwestern University,4.7,92000
Osteoarchaeology: The Truth in Our Bones,Universiteit Leiden,4.7,22000
Palliative Care: It's Not Just Hospice Anymore,University of Colorado System,4.8,32000
Palo Alto Networks Cybersecurity,Palo Alto Networks,4.6,91000
"Parallel, Concurrent, and Distributed Programming in Java",Rice University,4.5,30000
Particle Physics: an Introduction,University of Geneva,4.5,42000
People Analytics,University of Pennsylvania,4.5,84000
Perfect Tenses and Modals,"University of California, Irvine",4.7,79000
Photography Basics and Beyond: From Smartphone to DSLR,Michigan State University,4.7,160000
Plant Bioinformatic Methods,University of Toronto,4.7,83000
Politics and Economics of International Energy,Sciences Po,4.7,34000
Positive Psychiatry and Mental Health,The University of Sydney,4.8,72000
Positive Psychology,The University of North Carolina at Chapel Hill,4.7,180000
Positive Psychology: Applications and Interventions,University of Pennsylvania,4.8,23000
Positive Psychology: Martin E. P. Seligman’s Visionary Science,University of Pennsylvania,4.8,50000
Positive Psychology: Resilience Skills,University of Pennsylvania,4.6,40000
Power Electronics,University of Colorado Boulder,4.8,67000
Practical Data Science with MATLAB,MathWorks,4.7,10000
Practical Time Series Analysis,The State University of New York,4.6,39000
Preparing for the Google Cloud Associate Cloud Engineer Exam,Google Cloud,4.7,22000
Preparing to Manage Human Resources,University of Minnesota,4.8,68000
"Presentation Skills: Speechwriting, Slides and Delivery",E-Learning Development Fund,4.6,47000
Pricing Strategy Optimization,BCG,4.8,20000
Private Equity and Venture Capital,Università Bocconi,4.8,79000
Probabilistic Graphical Models 1: Representation,Stanford University,4.7,68000
Probability and Statistics: To p or not to p?,University of London,4.6,36000
Process Mining: Data science in Action,Eindhoven University of Technology,4.8,39000
"Programming Foundations with JavaScript, HTML and CSS",Duke University,4.6,250000
Programming Fundamentals,Duke University,4.7,19000
Programming for Everybody (Getting Started with Python),University of Michigan,4.8,13m
Programming with Google Go,"University of California, Irvine",4.6,18000
Project Execution,"University of California, Irvine",4.2,70000
Project Launch,"University of California, Irvine",4.7,190000
Project Management & Other Tools for Career Development,"University of California, Irvine",4.6,440000
Project Management Principles and Practices,"University of California, Irvine",4.7,230000
Psychological First Aid,Johns Hopkins University,4.8,190000
Public Policy Challenges of the 21st Century,University of Virginia,4.6,52000
Python Basics,University of Michigan,4.8,110000
Python Classes and Inheritance,University of Michigan,4.7,21000
Python Data Structures,University of Michigan,4.9,420000
"Python Functions, Files, and Dictionaries",University of Michigan,4.8,26000
Python and Statistics for Financial Analysis,The Hong Kong University of Science and Technology,4.4,41000
Python for Data Science and AI,IBM,4.6,170000
Python for Everybody,University of Michigan,4.8,15m
Quantitative Methods,University of Amsterdam,4.7,69000
Queering Identities: LGBTQ+ Sexuality and Gender Identity,University of Colorado System,4.9,3000
R Programming,Johns Hopkins University,4.6,480000
"Ready, Set, Future! Introduction to Futures Thinking",Institute for the Future,4.8,77000
Recommender Systems,University of Minnesota,4.3,29000
"Recruiting, Hiring, and Onboarding Employees",University of Minnesota,4.7,35000
Reinforcement Learning,University of Alberta,4.7,23000
Renewable Energy and Green Building Entrepreneurship,Duke University,4.7,24000
Requirements Engineering: Secure Software  Specifications,University of Colorado System,4.6,72000
Research Data Management and Sharing,The University of Edinburgh,4.6,16000
"Resilience in Children Exposed to Trauma, Disaster and War: Global Perspectives",University of Minnesota,4.8,15000
Responsive Website Development and Design,"Goldsmiths, University of London",4.5,170000
Rethinking International Tax Law,Universiteit Leiden,4.9,36000
Robotics,University of Pennsylvania,4.4,120000
Roman Architecture,Yale University,4.9,30000
Russian Alphabet,Saint Petersburg State University,4.7,32000
SAS Programmer,SAS,4.8,370000
SAS Visual Business Analytics,SAS,4.6,26000
SQL for Data Science,"University of California, Davis",4.6,160000
Sales Operations/Management,West Virginia University,4.4,56000
Sales Training for High Performing Teams,HubSpot Academy,4.7,16000
Sample-based Learning Methods,University of Alberta,4.8,68000
Scaling Operations: Linking Strategy and Execution,Northwestern University,4.5,12000
School Health for Children and Adolescents,University of Colorado System,4.8,91000
Science of Exercise,University of Colorado Boulder,4.8,140000
Search Engine Optimization Fundamentals,"University of California, Davis",4.7,47000
Secure Coding Practices,"University of California, Davis",4.4,64000
Security & Safety Challenges in a Globalized World,Universiteit Leiden,4.7,14000
Security in Google Cloud Platform,Google Cloud,4.7,300000
Self-Driving Cars,University of Toronto,4.7,39000
Sequence Models,deeplearning.ai,4.8,14000
Sharpened Visions: A Poetry Workshop,California Institute of the Arts,4.7,61000
Site Reliability Engineering: Measuring and Managing Reliability,Google Cloud,4.5,16000
Six Sigma Green Belt,University System of Georgia,4.7,18000
Six Sigma and the Organization (Advanced),University System of Georgia,4.7,15000
"Sleep: Neurobiology, Medicine, and Society",University of Michigan,4.8,20000
Social Entrepreneurship,Copenhagen Business School,4.6,13000
Social Media Marketing,Northwestern University,4.6,130000
"Social Norms, Social Change I",University of Pennsylvania,4.6,78000
Social Policy for Social Services & Health Practitioners,Columbia University,4.8,42000
Social Psychology,Wesleyan University,4.7,220000
Social and Economic Networks:  Models and Analysis,Stanford University,4.8,42000
Software Design and Architecture,University of Alberta,4.6,60000
Software Development Lifecycle,University of Minnesota,4.6,34000
Software Processes and Agile Practices,University of Alberta,4.7,60000
Software Product Management,University of Alberta,4.6,110000
Solar Energy Basics,The State University of New York,4.8,17000
Songwriting: Writing the Lyrics,Berklee College of Music,4.8,68000
Soporte de Tecnologías de la Información de Google,Crece con Google,4.9,88000
Spacecraft Dynamics and Control,University of Colorado Boulder,4.8,12000
Spanish Vocabulary: Meeting People,"University of California, Davis",4.6,71000
"Speak English Professionally: In Person, Online & On the Phone",Georgia Institute of Technology,4.6,430000
Sports Marketing,Northwestern University,4.7,12000
Sports and Society,Duke University,4.8,16000
Stanford Introduction to Food and Health,Stanford University,4.7,370000
Stanford's Short Course on Breastfeeding,Stanford University,4.7,17000
Statistical Analysis with R for Public Health,Imperial College London,4.7,16000
Statistics with Python,University of Michigan,4.6,34000
Statistics with R,Duke University,4.7,220000
Stories of Infection,Stanford University,4.9,28000
Strategic Business Analytics,ESSEC Business School,4.3,60000
Strategic Business Management - Microeconomics,"University of California, Irvine",4.7,95000
Strategic Leadership and Management,University of Illinois at Urbana-Champaign,4.7,100000
Strategic Management,Copenhagen Business School,4.7,58000
Strategic Management and Innovation,Copenhagen Business School,4.7,68000
Strategic Sales Management,Fundação Instituto de Administração,4.5,92000
Strategising: Management for Global Competitive Advantage,Macquarie University,4.8,30000
Strategy and Sustainability,IESE Business School,4.6,11000
Structuring Machine Learning Projects,deeplearning.ai,4.8,220000
Success,University of Pennsylvania,4.8,38000
Successful Negotiation: Essential Strategies and Skills,University of Michigan,4.8,750000
Summary Statistics in Public Health,Johns Hopkins University,4.8,11000
Supply Chain Analytics,Rutgers the State University of New Jersey,4.7,79000
Supply Chain Finance and Blockchain Technology,New York Institute of Finance,4.6,49000
Supply Chain Logistics,Rutgers the State University of New Jersey,4.7,66000
Supply Chain Management,Rutgers the State University of New Jersey,4.7,82000
Supply Chain Operations,Rutgers the State University of New Jersey,4.8,24000
Supply Chain Principles,Georgia Institute of Technology,4.6,29000
Supporting children with difficulties in reading and writing,UCL Institute of Education,4.8,50000
Survey Data Collection and Analytics,"University of Maryland, College Park",4.3,45000
Sustainable Tourism – promoting environmental public health,University of Copenhagen,4.6,94000
Swift 5 iOS Application Developer,LearnQuest,4.5,39000
System Administration and IT Infrastructure Services,Google,4.7,62000
Systems Biology and Biotechnology,Icahn School of Medicine at Mount Sinai,4.4,48000
Systems Thinking In Public Health,Johns Hopkins University,4.9,33000
"TESOL Certificate, Part 1: Teach English Now!",Arizona State University,4.9,100000
"TESOL Certificate, Part 2: Teach English Now!",Arizona State University,4.9,62000
Teach English Now! Foundational Principles,Arizona State University,4.9,81000
Teach English Now! Teaching Language Online,Arizona State University,4.4,85000
Teaching Character and Creating Positive Classrooms,Relay Graduate School of Education,4.8,53000
Teamwork Skills: Communicating Effectively in Groups,University of Colorado Boulder,4.8,49000
Technical Support Fundamentals,Google,4.8,280000
TensorFlow in Practice,deeplearning.ai,4.7,170000
TensorFlow: Data and Deployment,deeplearning.ai,4.5,12000
Terrorism and Counterterrorism: Comparing Theory and Practice,Universiteit Leiden,4.8,90000
The Addicted Brain,Emory University,4.6,130000
The Art of Music Production,Berklee College of Music,4.8,47000
The Art of Sales: Mastering the Selling Process,Northwestern University,4.7,23000
The Arts and Science of Relationships: Understanding Human Needs,University of Toronto,4.5,73000
The Bits and Bytes of Computer Networking,Google,4.7,130000
The Business of Health Care,University of Pennsylvania,4.6,22000
The Business of Music Production,Berklee College of Music,4.8,84000
The Changing Global Order,Universiteit Leiden,4.7,23000
The Cycle: Management of Successful Arts and Cultural Organizations,"University of Maryland, College Park",4.8,11000
The DIY Musician,Berklee College of Music,4.8,120000
The Data Scientist’s Toolbox,Johns Hopkins University,4.6,420000
The Economics of Health Care Delivery,University of Pennsylvania,4.8,72000
The Global Financial Crisis,Yale University,4.8,84000
The Horse Course: Introduction to Basic Care and Management,University of Florida,4.9,29000
The Manager's Toolkit: A Practical Guide to Managing People at Work,"Birkbeck, University of London",4.6,47000
"The Modern World, Part One: Global History from 1760 to 1910",University of Virginia,4.8,130000
"The Modern World, Part Two: Global History since 1910",University of Virginia,4.8,47000
The Oral Cavity: Portal to Health and Disease,University of Pennsylvania,4.9,94000
The Power of Macroeconomics: Economic Principles in the Real World,"University of California, Irvine",4.6,180000
The Power of Microeconomics: Economic Principles in the Real World,"University of California, Irvine",4.7,120000
The Pronunciation of American English,"University of California, Irvine",4.6,17000
The Science of Gastronomy,The Hong Kong University of Science and Technology,4.6,50000
The Science of Stem Cells,American Museum of Natural History,4.7,12000
The Science of Success: What Researchers Know that You Should Know,University of Michigan,4.8,59000
The Science of Training Young Athletes,University of Florida,4.9,13000
The Science of Well-Being,Yale University,4.9,25m
The Singer Songwriter,Berklee College of Music,4.8,320000
The Social Context of Mental Health and Illness,University of Toronto,4.6,19000
The Strategy of Content Marketing,"University of California, Davis",4.5,100000
"The Sustainable Development Goals – A global, transdisciplinary vision for the future",University of Copenhagen,4.8,26000
The Teacher and Social and Emotional Learning (SEL),University of Colorado Boulder,4.7,52000
The Technology of Music Production,Berklee College of Music,4.8,28000
The Truth About Cats and Dogs,The University of Edinburgh,4.7,33000
The hidden value – Lean in manufacturing and services,École des Ponts ParisTech,4.7,14000
Think Again I: How to Understand Arguments,Duke University,4.6,200000
Tools for Data Science,IBM,4.6,120000
Trading Strategies in Emerging Markets,Indian School of Business,4.3,68000
"Transmedia Storytelling: Narrative worlds, emerging technologies, and global audiences",UNSW Sydney (The University of New South Wales),4.8,45000
Tricky American English Pronunciation,"University of California, Irvine",4.7,110000
Troubles du spectre de l'autisme : diagnostic,University of Geneva,4.9,54000
U.S. Federal Taxation,University of Illinois at Urbana-Champaign,4.8,12000
UCI Project Management,"University of California, Irvine",4.6,44000
UI / UX Design,California Institute of the Arts,4.7,68000
UX Design Fundamentals,California Institute of the Arts,4.8,25000
Understanding Cancer Metastasis,Johns Hopkins University,4.8,29000
Understanding Clinical Research: Behind the Statistics,University of Cape Town,4.8,78000
Understanding Einstein: The Special Theory of Relativity,Stanford University,4.9,89000
Understanding Medical Research: Your Facebook Friend is Wrong,Yale University,4.8,24000
Understanding Modern Finance,American Institute of Business and Economics,4.4,11000
Understanding Plants - Part I: What a Plant Knows,Tel Aviv University,4.8,49000
Understanding Research Methods,SOAS University of London,4.5,120000
Understanding and Visualizing Data with Python,University of Michigan,4.7,30000
Understanding the Brain: The Neurobiology of Everyday Life,The University of Chicago,4.9,130000
Unity Certified Programmer Exam Preparation,Unity,4.5,61000
Unity XR: How to Build AR and VR Apps,Unity,4.2,12000
University Teaching,The University of Hong Kong,4.8,95000
Unraveling the Cycling City,University of Amsterdam,4.9,39000
User Experience Research and Design,University of Michigan,4.8,23000
User Interface Design,University of Minnesota,4.6,43000
Using Databases with Python,University of Michigan,4.8,220000
Using Python to Access Web Data,University of Michigan,4.8,310000
Using Python to Interact with the Operating System,Google,4.7,19000
Value Chain Management,University of Illinois at Urbana-Champaign,4.7,63000
Version Control with Git,Atlassian,4.8,40000
Viral Marketing and How to Craft Contagious Content,University of Pennsylvania,4.7,150000
Virtual Reality,"Goldsmiths, University of London",4.7,37000
Virtual Teacher,"University of California, Irvine",4.3,23000
Vital Signs: Understanding What the Body Is Telling Us,University of Pennsylvania,4.8,190000
Web Applications for Everybody,University of Michigan,4.8,120000
Web Design for Everybody: Basics of Web Development & Coding,University of Michigan,4.7,280000
Weight Management: Beyond Balancing Calories,Emory University,4.7,34000
What Is Contemporary Art?,The Museum of Modern Art,4.7,120000
What future for education?,UCL Institute of Education,4.7,35000
What is Compliance?,University of Pennsylvania,4.8,62000
What is Data Science?,IBM,4.7,260000
What is Social?,Northwestern University,4.6,94000
Wine Tasting: Sensory Techniques for Wine Analysis,"University of California, Davis",4.7,32000
Wonders of Ancient Egypt,University of Pennsylvania,4.8,17000
Write A Feature Length Screenplay For Film Or Television,Michigan State University,4.9,12000
Write Professional Emails in English,Georgia Institute of Technology,4.7,270000
Write Your First Novel,Michigan State University,4.4,18000
Writing in the Sciences,Stanford University,4.9,140000
e-Learning Ecologies: Innovative Approaches to Teaching and Learning for the Digital Age,University of Illinois at Urbana-Champaign,4.5,17000
iOS App Development with Swift,University of Toronto,3.9,76000
¿Qué hacen los buenos directivos? Prioridades de la Alta Dirección,IESE Business School,4.7,25000
Étudier en France: French Intermediate course B1-B2,École Polytechnique,4.8,190000
Éxito Profesional,"University of California, Irvine",4.5,69000
Искусство ведения бизнеса,Saint Petersburg State University,4.6,14000
Искусство разработки на современном C++,E-Learning Development Fund,4.9,68000
Корпоративные финансы и стоимость компании,National Research University Higher School of Economics,4.5,16000
Математика и Python для анализа данных,E-Learning Development Fund,4.8,67000
Машинное обучение и анализ данных,E-Learning Development Fund,4.7,77000
Основы Digital Маркетинга,National Research University Higher School of Economics,4.5,19000
Основы программирования на Python,National Research University Higher School of Economics,4.6,83000
Основы разработки на C++: белый пояс,E-Learning Development Fund,4.9,41000
Погружение в Python,Moscow Institute of Physics and Technology,4.7,45000
Программирование на Python,Mail.Ru Group,4.5,52000
Психолингвистика (Psycholinguistics),Saint Petersburg State University,4.8,21000
Разработка интерфейсов: вёрстка и JavaScript,E-Learning Development Fund,4.5,30000
Русский как иностранный,Saint Petersburg State University,4.6,98000
Финансовые инструменты для частного инвестора,National Research University Higher School of Economics,4.7,38000
